{
  "FIntFullscreenTitleBarTriggerDelayMillis": "3600000",
  "DFIntCanHideGuiGroupId": "32380007",
  "FIntRenderShadowIntensity": "0",
  "FIntTerrainArraySliceSize": "0",
  "DFIntTaskSchedulerTargetFps": "9999",
  "FFlagDebugGraphicsPreferD3D11": "True",
  "DFFlagDebugRenderForceTechnologyVoxel": "True",
  "DFFlagTextureQualityOverrideEnabled": "True",
  "DFIntTextureQualityOverride": "3",
  "FLogNetwork": "7",
  "FFlagHandleAltEnterFullscreenManually": "False",
  "FFlagMouseGetPartOptimization": "True",
  "FFlagAdServiceEnabled": "False",
  "FIntUnifiedLightingBlendZone": "0",
  "FIntSSAOMipLevels": "0",
  "FFlagEnableInGameMenuDurationLogger": "False",
  "DFFlagWindowsWebViewTelemetryEnabled": "False",
  "FIntDebugForceMSAASamples": "0",
  "FFlagDisablePostFx": "True",
  "DFFlagDisableDPIScale": "True",
  "FFlagMessageBusCallOptimization": "True",
  "DFIntWindowsWebViewTelemetryThrottleHundredthsPercent": "0",
  "DFFlagOptimizeClusterCacheAlloc": "True",
  "FFlagControlBetaBadgeWithGuac": "False",
  "FIntEnableVisBugChecksHundredthPercent27": "100",
  "FFlagDebugForceGenerateHSR": "True",
  "DFFlagTaskSchedulerAvoidSleep": "True",
  "SFFlagGroundControllerTurningResponsiveness": "2147483647",
  "FFlagImproveShiftLockTransition": "True",
  "DFIntHACDPointSampleDistApartTenths": "3000000",
  "FFlagNewLightAttenuation": "True",
  "FIntRenderLocalLightUpdatesMin": "1",
  "FIntVertexSmoothingGroupTolerance": "0",
  "SFFlagSimAnimationConstraintResponsiveness": "2147483647",
  "FFlagFixParticleEmissionBias2": "False",
  "FIntGameGridFlexFeedItemTileNumPerFeed": "0",
  "DFIntOcclusionFresnelConsensusNumerator": "2",
  "FFlagBetaBadgeLearnMoreLinkFormview": "False",
  "DFFlagAssetPreloadingUrlVersionEnabled2": "True",
  "FFlagFixParticleAttachmentCulling": "False",
  "DFIntCullFactorPixelThresholdShadowMapLowQuality": "2147483647",
  "DFFlagDebugUseOcclusionQueries": "True",
  "DFFlagTeleportClientAssetPreloadingDoingExperiment": "True",
  "FFlagVisBugChecksThreadYield": "True",
  "FFlagRenderSkipReadingShaderData": "False",
  "FFlagAddHapticsToggle": "False",
  "FFlagVoiceBetaBadge": "False",
  "FIntV1MenuLanguageSelectionFeaturePerMillageRollout": "0",
  "FIntRenderLocalLightUpdatesMax": "1",
  "FIntRenderGrassDetailStrands": "0",
  "FFlagFastGPULightCulling3": "True",
  "FFlagSyncWebViewCookieToEngine2": "False",
  "FFlagDebugGraphicsPreferD3D11FL10": "True",
  "DFIntAudioOcclusionUpdateRateMs": "2",
  "FFlagRenderShadowSkipHugeCulling": "True",
  "FFlagVRMouseMoveOptimization": "True",
  "FFlagUserHideCharacterParticlesInFirstPerson": "True",
  "FFlagDebugDisableTelemetryPoint": "True",
  "FIntDebugFRMOptionalMSAALevelOverride": "0",
  "FFlagDebugForceFSMCPULightCulling": "True",
  "FIntSmoothMouseSpringFrequencyTenths": "100",
  "FFlagVideoRenderUseHardwareBuffer": "True",
  "DFIntOcclusionFresnelEllipsoids": "6",
  "DFFlagTeleportPreloadingMetrics5": "True",
  "FFlagDebugDisableTelemetryV2Counter": "True",
  "FFlagDisableFeedbackSoothsayerCheck": "False",
  "FFlagUserShowGuiHideToggles": "True",
  "FFlagVignetteEffectEnabled4": "False",
  "FFlagEnableRuntimeThreadVisQueries": "True",
  "FFlagDebugCheckRenderThreading": "True",
  "FFlagLuauCodegen": "True",
  "FFlagCSGDecalOptimizeVB": "True",
  "FFlagAddDMLogging": "False",
  "DFFlagEnablePerfDataMainThread": "True",
  "FFlagDebugSSAOForce": "False",
  "FIntBootstrapperWebView2InstallationTelemetryHundredthPercent": "0",
  "FFlagEnablePreferredTextSizeSettingInMenus2": "True",
  "FFlagEnablePartyVoiceOnlyForEligibleUsers": "False",
  "DFFlagRobloxTelemetryAddDeviceRAM": "False",
  "SFFlagGroundControllerBalancingResponsiveness": "2147483647",
  "FFlagDebugDeterministicParticles": "False",
  "DFFlagOptimizeIsA": "True",
  "DFIntTeleportClientAssetPreloadingHundredthsPercentage": "100000",
  "FFlagDebugDisableTelemetryV2Event": "True",
  "FFlagToastNotificationsProtocolEnabled2": "False",
  "FFlagDebugDisableTelemetryEphemeralStat": "True",
  "FFlagNewOptimizeNoCollisionPrimitiveInMidphase651": "True",
  "DFFlagTeleportClientAssetPreloadingEnabled9": "True",
  "FFlagEnableCullableScene2OptimizeStep": "True",
  "DFFlagUnifyLegacyJointGeometry": "True",
  "FFlagRenderOptimizeDecalTransparencyInvalidation": "True",
  "DFFlagDebugSkipMeshVoxelizer": "True",
  "FFlagEnableIOSWebViewCookieSyncFix": "False",
  "DFFlagTeleportClientAssetPreloadingDoingExperiment2": "True",
  "FFlagEnablePreferredTextSizeStyleFixesInAvatarExp": "True",
  "DFFlagEnableMeshPreloading2": "True",
  "FFlagDebugCodegenOptSize": "True",
  "FFlagRenderLegacyShadowsQualityRefactor": "True",
  "FFlagQuaternionPoseCorrection": "True",
  "DFIntContentProviderPreloadHangTelemetryHundredthsPercentage": "0",
  "DFFlagAudioUseVolumetricPanning": "True",
  "FFlagEnableInGameMenuChromeABTest4": "True",
  "FFlagShaderLightingRefactor": "True",
  "FFlagContentProviderPreloadHangTelemetry": "False",
  "FFlagGameBasicSettingsFramerateCap5": "True",
  "DFIntOcclusionShelfScalarNumerator": "2",
  "DFIntTrackCountryRegionAPIHundredthsPercent": "10000",
  "FFlagVRLaserPointerOptimization": "True",
  "FFlagUserFixLoadAnimationError": "True",
  "FIntRenderLocalLightFadeInMs": "0",
  "FFlagDebugSkyGray": "True",
  "FStringTerrainMaterialTablePre2022": "",
  "SFFlagAirControllerTurningResponsiveness": "2147483647",
  "FFlagRenderEnableGlobalInstancingD3D11": "True",
  "FFlagSoundsUsePhysicalVelocity": "True",
  "DFFlagTeleportClientAssetPreloadingEnabledIXP": "True",
  "DFIntTeleportClientAssetPreloadingHundredthsPercentage2": "100000",
  "FIntRenderMaxShadowAtlasUsageBeforeDownscale": "0",
  "FFlagHighlightOutlinesOnMobile": "True",
  "FFlagPreloadAllFonts": "True",
  "FFlagMuteTogglesEnableIXP": "False",
  "DFIntAssetPreloading": "2147483647",
  "FFlagUserBetterInertialScrolling": "True",
  "FFlagOcclusionCullingBetaFeature": "True",
  "DFIntEnableVisBugChecksHundredthPercent": "1000",
  "FFlagVideoUseNewHardwareCodec4": "True",
  "FFlagEnableRuntimeThreadVisQueries4": "True",
  "FFlagRenderCBRefactor2": "True",
  "FFlagTaskSchedulerLimitTargetFpsTo2402": "False",
  "FFlagEnableVisBugChecks": "True",
  "FFlagEnablePreferredTextSizeScale": "True",
  "DFFlagPhysicsMechanismCacheOptimizeAlloc": "True",
  "DFFlagVisBugFixUnloadReadyMesh": "True",
  "DFIntOcclusionGainScalarNumerator": "2",
  "DFFlagGraphicsOptimizationModeMVPExposureEnrollment4": "False",
  "DFIntAnimationLodFacsDistanceMin": "0",
  "FFlagChatTranslationEnableSystemMessage": "False",
  "FFlagDebugDisableTelemetryV2Stat": "True",
  "FIntPreferredTextSizeSettingBetaFeatureRolloutPercent": "100",
  "DFFlagPerformanceControlEnableMemoryProbing3": "True",
  "FIntGrassMovementReducedMotionFactor": "0",
  "FIntSmoothTerrainPhysicsCacheSize": "0",
  "FFlagRenderLightGridEfficientTextureAtlasUpdate": "True",
  "DFFlagAudioToggleVolumetricPanning": "True",
  "DFIntCSGLevelOfDetailSwitchingDistance": "0",
  "FFlagVideoServiceAddHardwareCodecMetrics": "True",
  "DFIntAudioOcclusionMaxPiercedPrimitives": "6",
  "FFlagLuaAppGamesPagePreloadingDisabled": "False",
  "DFIntMemoryUtilityCurveNumSegments": "100",
  "FFlagUserCameraInputDt": "True",
  "FIntDirectionalAttenuationMaxPoints": "0",
  "DFIntCullFactorPixelThresholdShadowMapHighQuality": "2147483647",
  "DFIntMacWebViewTelemetryThrottleHundredthsPercent": "0",
  "FFlagAssetPreloadingIXP": "True",
  "FFlagRenderDebugCheckThreading2": "True",
  "DFFlagVisBugFixPartUpdatedLock": "True",
  "DFIntThrottlingPredictionAccelerationHoldThousandth": "2",
  "DFFlagEnablePreloadAvatarAssets": "True",
  "FFlagGraphicsEnableD3D10Compute": "True",
  "FFlagShoeSkipRenderMesh": "False",
  "DFIntCSGLevelOfDetailSwitchingDistanceL23": "0",
  "DFFlagDebugPerfMode": "True",
  "FFlagEnablePartyVoiceOnlyForUnfilteredThreads": "False",
  "FFlagRemoveRedundantFontPreloading": "True",
  "DFIntAnimationLodFacsVisibilityDenominator": "0",
  "DFIntCharacterLoadTime": "1",
  "FFlagEnablePreferredTextSizeStyleFixesInAppShell3": "True",
  "DFIntSoundVelocitySmoothingOldRatio": "5",
  "FFlagUserCameraInputRefactor3": "True",
  "FFlagEnablePreferredTextSizeGuiService": "True",
  "DFIntMaxFrameBufferSize": "4",
  "FIntBloomFrmCutoff": "0",
  "DFIntSoundVelocitySmoothingNewRatio": "2",
  "DFFlagTeleportClientAssetPreloadingEnabledIXP2": "True",
  "DFIntDebugFRMQualityLevelOverride": "1",
  "FFlagPreloadMinimalFonts": "True",
  "FFlagRenderInstanceClusterRetryPartInvalidationWhenMeshNotReady4": "False",
  "FFlagTopBarUseNewBadge": "False",
  "FFlagNewCameraControls_SpeedAdjustEnum": "False",
  "DFFlagDebugOverrideDPIScale": "False",
  "FFlagDebugDisableTelemetryEphemeralCounter": "True",
  "DFIntCSGLevelOfDetailSwitchingDistanceL12": "0",
  "FIntCameraMaxZoomDistance": "99999",
  "FFlagRenderFixGrassPrepass": "False",
  "FFlagLoginPageOptimizedPngs": "True",
  "DFFlagEnableSoundPreloading": "True",
  "FFlagUpdateHTTPCookieStorageFromWKWebView": "False",
  "DFIntAnimationLodFacsDistanceMax": "0",
  "FFlagDebugEnableDirectAudioOcclusion2": "True",
  "DFFlagDebugPauseVoxelizer": "True",
  "FFlagLuaMenuPerfImprovements": "True",
  "FIntRenderMeshOptimizeVertexBuffer": "0",
  "DFIntS2PhysicsSenderRate": "1",
  "FFlagPreOptimizeNoCollisionPrimitive": "True",
  "FFlagEnableAudioEmitterDistanceAttenuation": "True",
  "DFIntCSGLevelOfDetailSwitchingDistanceL34": "0",
  "FFlagUserUpdateInputConnections": "True",
  "FFlagUserSoundsUseRelativeVelocity2": "True",
  "DFIntMemoryUtilityCurveBaseHundrethsPercent": "10000",
  "FFlagPreloadTextureItemsOption4": "True",
  "FFlagDebugDisableTelemetryEventIngest": "True",
  "DFFlagSimSolverOptimizeGeometricStiffness4": "True",
  "SFFlagSimSolverResponsiveness": "2147483647",
  "DFStringWebviewUrlAllowlist": "",
  "FFlagFixOutdatedTimeScaleParticles": "False",
  "DFFlagSampleAndRefreshRakPing": "True",
  "FStringTerrainMaterialTable2022": "",
  "FFlagUserCameraControlLastInputTypeUpdate": "True",
  "FIntStudioWebView2TelemetryHundredthsPercent": "0",
  "DFIntNumAssetsMaxToPreload": "2147483647",
  "DFIntPerformanceControlTextureQualityBestUtility": "-1",
  "DFIntAudioOcclusionMaxNumQueriesPerFrame": "6",
  "DFFlagAudioEnableVolumetricPanningForPolys": "True",
  "FFlagAlwaysShowVRToggleV3": "False",
  "DFIntMemoryUtilityCurveTotalMemoryReserve": "0",
  "FFlagFixSensitivityTextPrecision": "False",
  "FIntNewInGameMenuPercentRollout3": "0",
  "DFFlagSimOptimizeSetSize": "True",
  "FFlagFRMRefactor": "False",
  "SFFlagAirControllerBalancingResponsiveness": "2147483647",
  "FFlagRenderNoLowFrmBloom": "False",
  "FFlagEnableVisBugChecks27": "True",
  "DFIntPreloadAvatarAssets": "2147483647",
  "FIntFRMMaxGrassDistance": "0",
  "DFFlagEnableTexturePreloading": "True",
  "FFlagVideoTextureSupportHardwareRender2": "True",
  "DFFlagDebugDisableTimeoutDisconnect": "True",
  "DFFlagDebugVisualizationImprovements": "True",
  "DFFlagDebugVisualizeAllPropertyChanges": "True",
  "DFFlagDebugVisualizerTrackRotationPredictions": "True",
  "DFFlagDebugEnableInterpolationVisualizer": "True"
}