{
  "FIntDebugForceMSAASamples": "1",
  "FIntRenderShadowIntensity": "0",
  "FIntTerrainArraySliceSize": "0",
  "DFIntTaskSchedulerTargetFps": "240",
  "DFFlagDisableDPIScale": "True",
  "FFlagDebugGraphicsPreferD3D11": "True",
  "DFFlagTextureQualityOverrideEnabled": "True",
  "DFIntTextureQualityOverride": "3",
  "FIntFullscreenTitleBarTriggerDelayMillis": "3600000",
  "DFIntCanHideGuiGroupId": "32380007",
  "FIntRakNetResendBufferArrayLength": "128",
  "FFlagOptimizeNetwork": "True",
  "FFlagOptimizeNetworkRouting": "True",
  "FFlagOptimizeNetworkTransport": "True",
  "FFlagOptimizeServerTickRate": "True",
  "DFIntServerPhysicsUpdateRate": "60",
  "DFIntServerTickRate": "60",
  "DFIntConnectionMTUSize": "900",
  "DFIntRakNetResendRttMultiple": "1",
  "DFIntRaknetBandwidthPingSendEveryXSeconds": "1",
  "DFIntOptimizePingThreshold": "50",
  "DFIntPlayerNetworkUpdateQueueSize": "20",
  "DFIntPlayerNetworkUpdateRate": "60",
  "DFIntNetworkPrediction": "120",
  "DFIntNetworkLatencyTolerance": "1",
  "FLogNetwork": "7",
  "FFlagHandleAltEnterFullscreenManually": "False",
  "DFFlagRenderFastClusterOcclusionCulling": "True",
  "FFlagDebugDisableTelemetryEphemeralCounter": "True",
  "FFlagDebugDisableTelemetryEphemeralStat": "True",
  "FFlagDebugDisableTelemetryEventIngest": "True",
  "FFlagDebugDisableTelemetryPoint": "True",
  "FFlagDebugDisableTelemetryV2Counter": "True",
  "FFlagDebugDisableTelemetryV2Event": "True",
  "FFlagDebugDisableTelemetryV2Stat": "True"
}